AmazonCounterfactualClassification,AmazonReviewsClassification,Banking77Classification,EmotionClassification,MTOPDomainClassification,MTOPIntentClassification,MassiveIntentClassification,MassiveScenarioClassification,ToxicConversationsClassification,TweetSentimentExtractionClassification,ArxivClusteringS2S,BiorxivClusteringS2S,MedrxivClusteringS2S,RedditClustering,StackExchangeClustering,TwentyNewsgroupsClustering,AskUbuntuDupQuestions,MindSmallReranking,SciDocsRR,StackOverflowDupQuestions,BIOSSES,SICK-R,STS12,STS13,STS14,STS15,STS16,STS17,STSBenchmark,SprintDuplicateQuestions,TwitterSemEval2015,TwitterURLCorpus,Classification,Clustering,Reranking,STS,Pair_Classification
0.85014,0.2,0.012987,0.2905,0.077747,0.007912,0.039677,0.03228,0.920898,0.283248,0.132468,0.08071,0.162432,0.10043,0.174966,0.100959,0.490047,0.253284,0.608959,0.401594,0.609104,0.587632,0.448923,0.502748,0.438443,0.61649,0.553192,0.25496975,0.491713,0.726744,0.552671,0.733004,0.2715389,0.1253275,0.438471,0.5003571944444444,0.6708063333333333
0.5935155000000001,0.24276,0.212662,0.1962,0.467784,0.300319,0.304136,0.336651,0.556055,0.400707,0.223856,0.168083,0.205471,0.225511,0.372512,0.203395,0.494673,0.274697,0.657151,0.40575,0.588791,0.620516,0.507766,0.627213,0.541955,0.712388,0.6436,0.23866675,0.581372,0.785121,0.584037,0.788888,0.36107895,0.23313799999999998,0.45806775,0.5624741944444445,0.7193486666666667
0.639591,0.25958,0.389383,0.2257,0.585705,0.414751,0.394519,0.421251,0.569727,0.435456,0.239226,0.194598,0.214478,0.222132,0.372238,0.191287,0.496497,0.274001,0.653095,0.400186,0.59361,0.619978,0.493934,0.600395,0.519876,0.686975,0.621909,0.22272762499999998,0.560668,0.737843,0.571948,0.77564,0.4335663,0.23899316666666667,0.45594475,0.5466747361111112,0.6951436666666666
0.613917,0.25866,0.409416,0.23915,0.635294,0.448153,0.449597,0.480935,0.576904,0.430221,0.232401,0.183536,0.207883,0.190115,0.350934,0.167806,0.487215,0.271961,0.633784,0.392623,0.590507,0.608832,0.462482,0.5853,0.497041,0.663116,0.609894,0.20237775,0.547734,0.693154,0.573796,0.764587,0.4542247,0.22211250000000002,0.44639575,0.5296981944444444,0.6771790000000001
0.6141425,0.26546,0.622532,0.31035,0.783402,0.540356,0.553631,0.607935,0.634326,0.459989,0.231224,0.186581,0.205846,0.188666,0.343297,0.169262,0.482366,0.269742,0.613918,0.385228,0.576025,0.593799,0.424661,0.555977,0.47303,0.635039,0.588491,0.22311087500000001,0.521238,0.594541,0.577905,0.754418,0.53921235,0.22081266666666666,0.43781349999999997,0.5101523194444444,0.6422880000000001
0.59641,0.2617,0.604026,0.28955,0.773415,0.588623,0.539812,0.585508,0.639648,0.443435,0.240325,0.192831,0.210147,0.2148,0.363242,0.188346,0.48375,0.276974,0.609194,0.374418,0.594116,0.589345,0.412353,0.55932,0.474347,0.640512,0.60581,0.20316225000000002,0.521813,0.552959,0.580421,0.760837,0.5322127,0.2349485,0.436084,0.5111975833333333,0.6314056666666666
0.662534,0.27176,0.563604,0.27745,0.732535,0.595349,0.518897,0.550538,0.618359,0.470175,0.231248,0.183719,0.203944,0.199465,0.348414,0.17685,0.479107,0.27802,0.593782,0.36626,0.59564,0.581309,0.385725,0.549841,0.465611,0.637157,0.615425,0.202653,0.512152,0.503624,0.588459,0.764743,0.5261201,0.22394,0.42929225,0.505057,0.618942
0.692682,0.27108,0.431136,0.2635,0.649134,0.588874,0.463652,0.470242,0.572559,0.465535,0.226804,0.183689,0.201921,0.197805,0.349576,0.183663,0.477504,0.27182,0.584668,0.368804,0.589682,0.581948,0.376501,0.550549,0.473212,0.643375,0.624089,0.18211075000000002,0.512891,0.500967,0.592463,0.768604,0.48683940000000003,0.22390966666666667,0.425699,0.5038175277777778,0.620678
0.706481,0.27336,0.393247,0.25005,0.617487,0.557,0.431372,0.441661,0.564355,0.467148,0.231267,0.184479,0.202824,0.197445,0.358201,0.192319,0.464964,0.268575,0.579963,0.356448,0.578832,0.589635,0.368376,0.549711,0.466942,0.642738,0.613928,0.176403875,0.49561,0.422178,0.594449,0.7669,0.4702161,0.22775583333333335,0.4174875,0.4980195416666667,0.5945090000000001
0.707201,0.29394,0.38237,0.26775,0.601961,0.563657,0.422327,0.425555,0.577783,0.486248,0.2315,0.189664,0.205215,0.20908,0.359611,0.198764,0.455589,0.264399,0.57738,0.347517,0.544796,0.577919,0.333971,0.537678,0.460895,0.632835,0.600249,0.160624125,0.454945,0.377428,0.592055,0.763583,0.47287920000000006,0.23230566666666666,0.41122125,0.47821245833333337,0.5776886666666666
0.703956,0.30488,0.356071,0.2705,0.593456,0.549134,0.414997,0.415064,0.587646,0.484069,0.263264,0.224726,0.22313,0.262533,0.42496,0.247602,0.456312,0.272439,0.624923,0.343723,0.541844,0.58328,0.356833,0.598295,0.491735,0.644272,0.622658,0.169655375,0.462277,0.394179,0.575778,0.763563,0.4679773,0.27436916666666666,0.42434925,0.4967610416666667,0.57784
0.691839,0.31558,0.365779,0.2871,0.634998,0.569152,0.452791,0.471722,0.602832,0.504924,0.269398,0.233567,0.229721,0.272289,0.431584,0.239624,0.452915,0.272283,0.626734,0.339248,0.528536,0.58787,0.36981,0.580695,0.490712,0.635516,0.615207,0.139778625,0.47388,0.359726,0.555449,0.756956,0.4896717,0.2793638333333333,0.42279500000000003,0.4913338472222222,0.5573769999999999
0.6835875,0.32098,0.507922,0.3105,0.719927,0.601824,0.51419,0.546873,0.620898,0.503594,0.275989,0.243959,0.236344,0.273442,0.428994,0.240843,0.458409,0.28368,0.649373,0.346157,0.546982,0.586451,0.30872,0.598949,0.477279,0.602857,0.637327,0.1763185,0.472911,0.368087,0.558979,0.762874,0.53302955,0.2832618333333333,0.43440475,0.4897549444444444,0.5633133333333333
